"LA","LDMC","LMA","Lth","Nmass","SM","SSD","H","IDmaster"
13.802,426.4214047,76.07593102,0.0825,45.0694325,4.2,0.5392945,4,1
19.11354839,427.6883323,115.1015999,0.201666667,41.19977,5.9,0.497416667,1,2
1814.585333,64.39979709,109.1158384,1.4665,11.98772667,0.013,0.362497333,2,3
10400.04,40.66479917,198.2684682,3.45,6.062063333,0.0265,0.3658820083,0.4,4
1679.8485,72.0055466,166.8801284,3.355,10.2946975,0.1,0.419582333,1,5
10202.06444,38.89594777,129.0915194,2.468,8.864043333,0.023,0.40525635655,1.2,6
2477.893986676,54.8112809444,90.8958306378999,2.26641599997,7.3736706364,0.0255,0.35207192823,0.6,7
735.607,58.52923523,180.3499242,5.525,7.229606667,0.0085,0.592806667,0.4,8
425.5755,28.28889907,81.06669674,6.4435,8.63918,0.70285328572,0.4681485,0.5,9
3936.0712,72.33332141,270.913121,4.28525,8.415253333,0.0195,0.384444,0.6,10
46.23,76.12546487,126.9017233,2.360666667,7.707383333,0.026,0.556132333,0.4,11
575.175,51.36638056,105.4751452,2.03775,12.06684333,0.089,0.288473333,0.6,12
197.007,76.39115173,63.4495221,0.920333333,13.53073667,0.064,0.407611667,0.6,13
972.4886667,38.74490695,78.83553742,3.085333333,4.584776667,0.0276,0.238987,0.6,14
4066.661,80.71205357,271.7626738,3.511,9.614633333,0.058,0.371798,0.9,15
395.938,57.25806232,145.6456987,3.793,8.556913333,0.0355,0.731021,0.4,16
864.9656667,56.05416473,45.08849484,0.686666667,24.89974667,0.0085,0.124290667,0.3,17
862.383,43.32383124,34.78732767,0.742,27.654595,1.15093706494,0.109623333,0.65,18
184.6206,36.33530023,25.99926552,0.5616,15.974738,0.738058,0.219964,0.1,19
423.28460507461,51.4503262237,79.682317322,2.10902266671,16.87614319682,0.32265895239,0.21143113494,0.2,20
231.4236,42.95492859,40.33008446,0.989333333,10.90066,0.0774,0.178440667,0.6,21
511.23739302155,53.1539290739,80.9908206514,1.46160083338,15.67149752678,0.3747929524,0.24747711675,0.15,22
280.9858621,105.4766372,63.4670129,0.722333333,34.44972,11.96,0.262729333,0.01,23
186.18225,273.5521488,48.33973163,0.32,11.69626,0.6464,0.639240333,1.2,24
5772.982629135,183.5499849703,71.3671249508,0.1789711667,25.274012914,6.002857143,0.18969998676,0.2,25
1949.88227420587,426.239604876,124.7610656396,0.25084683327,23.5098095675,215.865,0.63592485914,3,26
796.2245,113.7551174,19.46687147,0.1355,22.977655,0.127,0.292027667,1,27
51.10333333,432.3232323,39.13639032,0.0766,5.93687,32.90706054046,0.694834333,0.6,28
3026.983077,449.1306444,142.8784334,0.235,11.96153,504.94,0.725459,25,29
6267.486875,419.5563561,149.8208163,0.2655,14.63882,3.31,0.594729,10,30
1464.560667,124.205006,31.18113691,0.289333333,31.96253,5.336,0.413522,1.2,31
2001.155667,149.8985092,74.01972893,0.225333333,27.567755,1.93,0.58885325,1.5,32
1246.325,100.8680729,43.59483548,0.3745,20.72538667,10.466,0.554402667,1.2,33
228.548,159.5528106,86.05048684,0.876666667,15.56611667,2.39,0.44058,1,34
8486.2776983534,140.6548825283,59.3447606887,0.26461116666,23.2600343671,3.222,0.28276,0.6,35
180.237,231.3835436,50.55010902,0.567666667,19.64173,3.494,0.508309,1.2,36
600.1253333,171.2875824,57.76571116,0.24,21.20759,5.222,0.622538333,0.5,37
187.5866667,323.5294118,97.73082664,0.29,17.14525,0.6,0.504775,0.9,38
298.9966667,183.942656,89.55841202,0.498,20.95407,2.99,0.478274667,0.5,39
6592.897,87.55211435,22.29672328,0.302,36.66539,9.51173005628,0.161776,0.4,40
114.181,460.1151572,115.3139898,0.28,18.895835,1.048,0.563235,0.8,41
371.5951613,365.4346129,59.65273226,0.143333333,27.26521667,3.802,0.28687,1,42
80.45233333,275.8510102,48.47590913,0.387666667,28.04136,9.1240198776,0.717545,0.8,43
65.715,237.713554,33.98513784,0.329666667,31.68480333,2.27179937585,0.66792,0.3,44
794.9621053,309.3197499,73.79806695,0.159,19.85243333,0.07,0.563794,1,45
1109.60724324837,238.7183780162,76.7888835698,0.31148000006,21.81045762493,0.195,0.45844583411,1.5,46
93.944,320.2973497,211.4735019,0.674333333,16.3145275,17.68285714,0.688318,2,47
12.863,323.5294118,85.51659799,0.459,13.33008,52.42941176,0.445435,2,48
39.60925,223.8530887,65.64123279,0.526,15.592075,21.02571429,0.457523667,1,49
21.38428571,445.505033,115.3495001,0.33,22.68532333,22.32,0.519683333,4,50
3.907333333,366.6666667,58.86367514,0.186,24.479535,25.89428571,0.4526295,3,51
17.23566667,306.3879453,116.0384474,0.508,18.46627,26.76857143,0.618475333,5,52
209.936727413,302.087314846,72.3614618246,0.16657416673,27.758071782,1.806,0.5031617708,0.6,53
31640.367,66.72959454,90.42246571,0.9105,14.70160667,3.864,0.063726667,0.4,54
1318.623,200,54.60241479,0.282,20.15962,4.7955445713,0.6647695,2,55
970.8442105,201.9414142,100.5997313,0.541666667,15.06903,2.13204428572,0.546712333,1.5,56
765.59,220.2680325,65.30910801,0.379,24.10278667,2.92361515151,0.52486,1,57
1041.869355,180.0730329,62.06792278,0.255,17.61543,3.06205873622,0.376910333,1.6,58
2026.4317752028,163.1986737066,60.4781384418,0.26621733332,19.8711078511,5.07204714273,0.3819393057,0.8,59
8880.91139526112,184.0287179771,59.0363961955,0.19905000007,22.2340722079,3.83658847619,0.44093299743,0.3,60
615.28355757893,309.890557148,67.331273129,0.15370433327,20.9603796534,16.565,0.37390968853,0.75,61
1825.830833,292.6757609,21.54270407,0.114333333,13.59016,16.99,0.20909,1.5,62
14119.76643,369.1451751,81.65857458,0.1965,18.6155425,5.232,0.56020975,6,63
2392.407333,400.7404061,173.4654439,0.337333333,19.02322667,12.588,0.527407,1,64
2769.466333,261.2310296,79.43768709,0.225666667,24.96875667,16.634,0.494523,3,65
202.222,361.2120524,49.45060379,0.069,17.69435333,3.322,0.453093667,0.4,66
988.9708940724,254.184859671,82.8773758427,0.23893816673,31.9654253939,5.116,0.55736120843,0.5,67
10072.323,129.281768,34.84796903,0.577,35.18841,18.47714286,0.190831,2,68
7.566666667,833.3333333,88.10572687,0.111333333,23.37359,83.73947013139,0.441177,0.25,69
771.298,408.0640175,140.8880441,0.318333333,21.88991333,2.292,0.662578333,2,70
6014.346676472,173.7681712777,69.015828432,0.19089066669,23.0759408802,0.177,0.23070141167,0.35,71
2113.145,406.6480672,86.52190613,0.388,13.00852,0.131,0.437885,2,72
2148.55213631629,264.3401593021,83.8791681692,0.32258666674,18.2698687003,25.68444334918,0.405893,3,73
228.3363333,283.6447467,96.34909906,0.244666667,20.42272,0.215,0.518051333,1.7,74
297.5988571,386.2562587,94.08638282,0.265,18.34980667,2.60397992064,0.552686667,1.5,75
1501.08188479781,204.1867879006,60.0462604011,0.1878323334,20.5800443412,2.43594863492,0.388197,0.35,76
115.979,202.1473426,208.0836473,1.751666667,10.58204,0.106,0.642814667,2,77
3105.111667,139.2861333,25.54926903,0.168333333,32.70938333,4.29,0.072435333,3,78
24070.61133,150.1200975,65.3263148,0.216666667,23.38108667,3.02978023806,0.257434,0.8,79
200.813,304.0416412,71.37652111,0.064,14.12251333,4.12567872295,0.307711333,0.7,80
1775.329375,249.6451212,39.80482026,0.183,19.72583,1.4876,0.230590667,1.6,81
1817.13625,289.9751895,95.20474868,0.254,16.73057333,0.442,0.197999,1.6,82
6149.512,209.6226909,40.59942751,0.177333333,25.01937667,3.34137931,0.122923667,1.4,83
1347.169474,342.1845059,111.3445657,0.2715,13.15908333,0.62,0.543154333,2,84
388.524,280.27099,77.64428109,0.202666667,18.10897333,1.7,0.440099,0.6,85
2225.914,248.2426272,21.18979739,0.25,20.38321333,8.712,0.64101,3,86
6204.527333,152.9195599,22.29554741,0.133,39.06620333,1.416,0.180014,2,87
789.89861608796,200.7010740962,70.0431608118,0.35765750003,20.73153965787,0.257,0.55661949581,0.5,88
1415.126,108.6538462,4.769893282,4.134333333,7.991096667,4.442857143,0.29162862662,1.5,89
767.89,214.2857143,7.813619138,8.357666667,13.49097667,6.688571429,0.1311086,1,90
231.97625,435.4539432,91.06535691,0.235,27.63143667,20.80571429,0.6199275,5,91
2304.071667,194.1331757,57.43455607,0.209,21.07126667,4.494,0.49482,1.5,92
903.366,300.8709081,84.129799,0.215,18.68463,4.83,0.60308,1.5,93
2912.7270644991,177.0921646987,79.1537033384,0.306435,20.2783291935,3.867,0.54866773332,2.5,94
8298.38363021,168.7569621047,61.2932195588,0.24850433336,20.2636151014,4.08882114282,0.50378156097,1,95
524.48875,226.3253935,108.04172,0.324,22.88705667,5.338,0.507361,1.5,96
2159.247,209.5983621,44.15119407,0.2422066667,18.97592667,3.246,0.649475,2,97
2160.72270451637,135.6732399965,70.070936564,0.30799749996,22.9697652084,0.7449,0.19421571837,0.5,98
13.963,133.4029313,56.10064695,0.719666667,22.28165333,3.09743294799,0.741325333,0.5,99
1092.1959260864,229.5311813832,67.3913238142,0.32724416667,21.12931634157,0.876717285710001,0.45155214495,0.3,100
494.63926499477,329.660075544,81.1584197795,0.24764000001,25.8738762252,33.04857143,0.55698447583,1,101
537.4608330859,300.684882363,86.5902287478,0.28038166681,19.8228154422,0.435,0.628133466770001,0.45,102
806.6043333,372.2103767,148.3585715,0.267666667,18.11719667,0.346,0.64473,1.5,103
1618.376,459.674155,127.6999288,0.1555,12.719555,0.371,0.734288667,2,104
3296.2005,322.6542384,84.23840318,0.2585,19.13172333,5.134,0.4613095,10,105
2158.463333,310.7109439,87.09900099,0.218666667,16.29000667,4.988,0.802549333,4,106
291.4573333,329.5576033,54.66780729,0.343666667,23.93244333,4.519,0.543121667,1.5,107
314.468,349.8079349,67.30944537,0.180666667,19.5019,6.196,0.521461667,2,108
312.688,361.3230324,15.45736751,0.47,15.38453333,4.81,0.708344333,2,109
1014.5476744254,268.9248241104,74.8586037248,0.45528833338,16.95901010499,3.07653386575,0.48721274724,1.961,110
12251.69765,195.3658559,171.4048176,0.386666667,25.35250333,1.345,0.490980667,1.5,111
3308.9029423693,218.4666561737,83.6600089808,0.34995416671,26.5132757483,1.503,0.49226046264,0.5,112
7033.33375,181.4886161,94.8341176,0.50475,22.10829333,2.142,0.485737667,1,113
25144.21857,145.9057541,46.80775145,0.313,37.27471667,1.65,0.46390834756,1.5,114
2386.811,122.9194796,118.5682486,1.222,13.636725,0.928571429,0.353739,0.45,115
6201.346667,149.8145821,20.96318864,0.142333333,34.01216667,1.384,0.251279,1,116
74702.73333,185.4276884,157.9594142,0.333,15.61579,3.56,0.39267396829,1,117
1163.90200217233,230.908868741,70.7953210302,0.29861033334,18.6863534333,1.092,0.28679248391,0.5,118
107.2634783,155.8441558,44.74962101,0.212,12.11942,13.36129255774,0.34712054772,0.2,119
569.0035,349.9941058,96.07439439,0.058,30.026585,7.90202889099001,0.47249875,1,120
443.7473333,322.092159,30.42271803,0.1535,25.62377333,0.398,0.318046667,0.6,121
58.26933333,310.1953602,63.1321221,0.211333333,37.19164667,0.1515,0.573541333,1,122
55.78633333,282.2215559,130.3186563,0.267,32.78109333,2.80623232964,0.565531,1.5,123
144.811,291.9031644,61.68960461,0.169666667,31.73378,0.1245,0.707006667,0.8,124
158.0593333,290.1763453,40.49112359,0.224666667,29.50339,0.247,0.758516,0.8,125
47.16655172,298.0414122,235.9228364,1.275666667,8.084536667,9.99052947614,0.5726725,1,126
341.5710882138,291.84699762,72.4324993917,0.18418500004,27.6476741054,1.65,0.49057645584,1.5,127
496.3085069352,257.680998697,77.8429693043,0.22135500003,25.7241370868,1.642,0.47223930417,2,128
530.9248023436,246.85057808,77.2274530393,0.24148833337,24.7013926885,1.487,0.50466846083,2,129
19956.10571,193.720868,341.5245488,2.36,9.204625,235.72,0.249017,20,130
4818.693834,105.2133741,107.7747037,0.096,28.76251,40.59,0.062886,1.5,131
12440.558,99.74600324,75.07701825,0.506,17.16792,5.98,0.28128146246,1.5,132
1199.439231,136.8177388,20.84307346,0.1555,29.56538667,3.36071733332,0.104195333,0.3,133
362.545,233.7523719,34.63202269,0.089666667,20.02794,6.31676645666,0.387715,0.4,134
140.829,190.7341874,211.8408377,0.628,14.920895,3.094,0.497686333,2,135
3927.448235,163.7181525,157.3328608,0.769,25.52772333,0.882,0.31450600374,0.8,136
300.2983333,180.7514803,53.83535262,0.258333333,18.41337,3.01538557148,0.227994333,0.25,137
2525.643,175.226347,65.72583695,0.2395,19.215815,2.394,0.496256,2.5,138
568.138,251.0060053,134.6503842,0.298666667,17.17636333,3.262,0.579877333,1.5,139
44363.06846,119.8639668,110.4171669,0.435,24.05198667,3.166,0.295466,2,140
4072.6288,226.6595588,54.59209377,0.277333333,24.67725,1.982,0.464902,1,141
1644.7834837333,232.983212176,90.0309236984,0.28713166673,20.43186204177,4.99645799982,0.42527706806,1.5,142
838.526,184.2724789,67.47942222,0.34975,21.5755875,2.00385401003,0.232826333,0.5,143
1555.077667,262.3559901,144.2371689,0.365666667,15.8213375,2.392,0.5023326,2,144
8729,202.2229734,152.9862145,1.397,16.34557,2.646,0.117757,3,145
2939.35181835327,514.178364204899,78.4416885586,0.25690600003,11.2626072496,10.10376493537,0.6105262067,17.058,146
325.303,419.4312796,544.1081084,1.552,16.58374,7.974285714,0.584593,2,147
743.7062872001,340.5231843353,96.7983443084,0.34935833335,13.5269194497,9.3652,0.613814,2,148
6.357428571,496.9834087,120.593831,0.237333333,12.58352667,0.019142857,0.6193,12,149
13.65733333,509.9727433,183.0518403,0.299666667,12.71953333,85.38107190466,0.7148,6,150
580.93875,193.61553,72.0098863,0.196,26.68057333,0.163,0.36506778251,0.25,151
820.77389128193,260.321951914,89.9193919111,0.27094200008,30.24090338017,0.138,0.58059838435,0.3,152
985.70295502023,265.477076493,90.7067271659,0.22555000004,30.5458083134,0.214,0.58174576518,0.3,153
260.966,206.7689804,40.87377922,0.074333333,27.72215,1.306,0.622123333,1.2,154
214.919,224.4839031,88.40539924,0.292666667,34.35327,1.014,0.606833333,1,155
348.2555,188.8880030391,161.30252335858,6.566,7.068315,2.092,0.207738333,0.8,156
930.286,201.4612728,69.15436042,0.252333333,15.90739333,4.888,0.338875333,2,157
222.6333333,244.275265,104.8061087,0.418,16.16107667,5.856,0.238769333,2,158
757.911,225.5892256,58.93436037,0.178,17.80516,19.344,0.337519,3,159
5020.386088302,208.1461271851,48.1827015649,0.36498099997,23.5617538851,9.518,0.096924,3,160
363.792,207.837916,65.97176408,0.281666667,27.55135,2.588301,0.284565667,2,161
1250.449231,205.3802067,51.18160612,0.155,18.03745,20.492,0.27985484737,15,162
4901.804,196.7126193,37.84321038,0.144,21.45614,31.435,0.108821,3,163
276.223,344.748275,193.6840886,0.3575,13.508665,15.78483361934,0.643865,0.6,164
338.173,252.2609609,56.84171514,0.257333333,25.06195667,13.23666933715,0.259622667,2,165
5.921,768.5185185,106.9639138,0.235,17.34254,77.81555127175,0.751259667,0.3,166
8.100333333,426.4705882,67.89844039,0.2055,19.40995333,17.28232836987,0.827275,0.3,167
249.5446667,165.5107142,15.58438436,0.051,24.81398667,7.89961972489,0.152782,0.8,168
383.213,135.8793667,23.19597717,0.130333333,32.80666667,3.55033974691,0.285788667,0.8,169
13296.35857,133.3179491,28.42883621,0.150666667,27.32897667,2.24,0.211985333,1,170
704.1435,321.1470391,178.4674099,0.066,18.39117,0.192,0.430578333,5,171
955.580281387411,269.2042110885,135.0518643845,0.46980366671,16.6078091615,0.011,0.6703245,2,172
2686.631429,235.4548686,56.73151332,0.209666667,22.46676667,0.152,0.656868,1.5,173
3688.812667,170.3441861,100.484004,0.563333333,12.64503333,0.227,0.550375,0.4,174
172.9846,61.95853557,79.77588756,1.5132,7.684988,0.0930645714300002,0.43790561489,0.2,175
4974.884615,95.77281672,258.1857536,2.978,8.30775,0.0565,0.41063820322,0.45,176
1340.694667,67.49219408,133.5128754,2.459333333,6.807413333,0.033,0.42898591983,0.45,177
36.721,138.1352985,104.3907664,1.542333333,19.56423333,0.018,0.768141333,0.4,178
1936.435,47.5726053,34.08325092,0.658,28.000738,5.38002671476,0.1955066783,0.4,179
1871.785,440.2451481,153.5074808,0.385,13.48842,48.3,0.623617,10,180
7484.413158,331.6360483,103.1476996,0.303,14.71711,62.11,0.394157,6,181
615.277,245.7697205,51.19645298,0.235,20.83386667,0.696,0.573589,0.5,182
56.873,378.4266624,102.9545361,0.273666667,17.36973,0.225,0.631818,0.25,183
91.70166667,300.5733006,108.1405282,0.280666667,23.38548333,0.844,0.4533525,0.6,184
628.1811872013,274.442925939,85.2413069836,0.27912100011,22.2271455907,1.033,0.56215627831,0.4,185
431.734,200.3900545,91.36258282,0.352,30.08000333,5.56521095239,0.345179333,0.3,186
4.5385,333.3333333,77.11799053,0.321,20.02096,9.27780798183,0.72533,0.7885,187
5086.59614597887,187.2114381013,85.66296495898,0.61756766661,21.16161491987,0.002733333,0.28991559492,0.7,188
154.133,309.8591549,142.7338727,0.198,13.630925,0.342,0.57586521833,0.9,189
375.9216667,406.5521889,57.19276622,0.08,20.31695333,0.08,0.471335333,4,190
430.9073333,286.4766598,45.12416436,0.093666667,20.9681,0.024333333,0.557606333,2,191
2290.5345,271.5009502,35.94503088,0.146,29.78982,0.039,0.433235,1.5,192
216.724,353.6416421,89.72087386,0.186666667,14.30832333,0.0225,0.5441545,1.5,193
2297.55961714162,132.4917241884,71.0741071492,0.31015333332,21.5938166216,0.422,0.347542667,0.2,194
2288.898,461.0810811,248.4457586,0.648,8.13622,179.685,0.644073,10,195
5727.93875,359.8615917,121.0440667,0.467,14.5681,186.24,0.55036,15,196
2637.47,242.8591515,72.63905687,0.188,20.95603667,0.108,0.446551333,1.5,197
5092.558889,209.3104824,60.80767516,0.416,16.89202333,0.0205,0.306951,2,198
1465.134333,413.9497099,144.6966296,0.241,16.87551,298.6,0.714931333,4,199
15.62066667,576.2976861,256.071017,0.271666667,8.83615,29.16857143,0.5253855,10,200
1.457,450.5745476114,230.4565716738,0.922,12.52705333,70.08,0.724368667,2,201
597.4583333,202.4219014,89.54599344,0.378666667,30.49351667,26.34,0.579852,1,202
48.4028,298.3543417,32.31734528,0.6275,16.864825,5.89762728573,0.3363415,0.02,203
182.82875,511.1111111,28.49661227,0.276666667,10.33451,0.049,0.597645,0.7,204
2019.212333,95.47596212,83.86108313,0.839666667,22.16338333,1.62,0.285741,3,205
6960.00045679894,314.0850604974,70.9069740482,0.36979499999,12.4648268617,2.02565867531,0.63624078648,1,206
309.398,354.9883991,494.5086911,2.041,8.73214,21.47,0.647262333,2,207
1969.21202274169,308.8790764514,69.6026782334,0.36638166665,12.41824552833,3.17178776682,0.63297537648,0.8,208
113.234,192.0841353632,68.2784597773,0.196,20.6878350825,1.09539391341,0.417565,0.15,209
156.0956757,227.0124617,49.64903715,0.4715,14.4784,0.362,0.481044,1.5,210
2340.593889,528.7267081,140.776237,0.2195,17.172505,587.98,0.535495,25,211
521.781,220.9041598,146.9326531,0.794,14.53914,0.208,0.404208333,1,212
678.1185,234.8980548,92.16678206,0.42575,21.3239125,0.104,0.55370675,1.5,213
608.711,334.1140567,102.4021799,0.42925,11.7116725,0.167,0.572685667,1,214
2546.289091,288.9954439,51.26034869,0.128,22.01095333,8.7,0.736673333,3,215
1869.077,374.21875,256.2762262,0.622,8.98356,0.985,0.661846,1.5,216
2371.9509551801,238.15008951,72.5957857336,0.32547666665,19.96332714467,1.025,0.57635357002,0.5,217
3237.748182,227.0695061,132.851283,0.279333333,14.22434333,0.866666667,0.50401385167,0.3,218
13382.719,172.5948126,110.8590364,0.295,22.04823,1.952,0.453708,0.5,219
202.9442857,217.7210199,48.45295331,0.42775,22.88613,0.168181818,0.627631667,0.7,220
4217.4510146357,180.3478708809,64.9375087926,0.31019499997,20.90534264977,1.055,0.4593806427,1,221
3103.85051321839,161.7512570832,64.7041691476,0.30808166663,22.15762401627,0.541666667,0.38669877836,0.4,222
28.82033333,260.8166608,76.33499497,0.160333333,30.900376,0.466,0.69944575,0.25,223
99.677,370.3703704,50.16202334,0.105,14.07813,15.6781526103,0.716897,0.65,224
NA,202.4463170865,75.25850724952,0.29761666671,18.4959967512,4.10196536926,0.38173611829,0.5,225
456.02515565013,353.393419951,68.5920137366,0.14139933333,21.7804509808,6.44234516479001,0.58281803253,0.4,226
71.90142857,250,79.4699092,0.4,28.95326,2.3,0.54730612586,0.23,227
62.37,287.7101386,72.52952809,0.111333333,29.714535,1.216,0.48943,0.3,228
117.284,187.0364881,139.7377306,0.2,17.85713667,1.177,0.404612333,1.5,229
313.4022007772,295.941517304,72.6392028822,0.19598166673,27.9935652454,0.846,0.49726346833,1.3955,230
62.882,160.6060606,59.63550778,0.3925,21.594775,1.284,0.429613,2.5,231
55.942,379.7467818,77.01279897,0.125,23.4419875,1.371084337,0.732708,0.4,232
36.16142857,221.3233427,59.45561569,0.3735,24.1210675,0.996,0.60303125,1.3032,233
52.021,135.6044083,47.09636493,0.491,16.872506,1.351,0.530426667,0.9247,234
2335.252903,217.0671844,42.96465415,0.191333333,14.80258667,0.4804,0.234283,0.8,235
40.145,105.9454191,69.74716652,1.175666667,17.95608333,1.776,0.601894,2,236
31.189,370.4212454,69.4689367,0.239333333,24.2739,2.12728985199,0.495189667,0.25,237
3434.283333,344.0317408,46.44345982,0.1155,26.00775,2.228,0.516987,2,238
2065.75275,391.335564,139.5778528,0.28775,13.829215,16.34,0.649413,5,239
46.62,212.2076023,39.32503933,0.070666667,34.91333667,1.445454545,0.724851667,0.4,240
416.0826283308,266.65318462,78.8614812091,0.19780766669,27.1066515836,1.206122449,0.52729024756,0.643999999999999,241
416.7515385,369.6109604,74.38484838,0.10575,26.8344075,0.298,0.5227065,1.2,242
284.1496667,430.1978538,82.70289484,0.145,16.11017333,5.12813344768,0.547847333,0.9,243
3968.2368,201.7399203,19.99208649,0.082333333,37.93161667,8.65395162543,0.187058333,0.5,244
465.00381717022,329.702161011,76.0814881272,0.32283516682,15.642442691,10.11535550797,0.60802786332,0.4,245
5.518,392.8571429,66.44919657,0.194666667,14.19136,7.36033338291,0.705950333,0.4,246
6.378333333,349.2063492,78.39038411,0.137666667,14.33771,0.044,0.519330333,0.3,247
6.62,642.8571429,135.9516616,0.238,11.23402,83.56176563494,0.683537,0.25,248
620.80880133036,321.503367727,73.7835156719001,0.3420893335,16.1669681331,2.33253090475,0.61007573488,0.5,249
12.763,397.7344661,101.8569302,0.15925,14.50376333,2.96344312613,0.676301667,0.25,250
8.6805,352.8138528,42.24027034,0.121,15.74456333,0.051,0.671116,0.4,251
534.74487220239,185.047918636,73.6168937846,0.49030883331,20.69118123806,0.151,0.54433287082,0.05,252
28.989,52.30248384,102.3376683,2.244,8.570573333,0.029,0.345307333,0.3,253
18.403,40.88310419,48.30734119,2.008666667,13.79104,1.42209594949,0.34310578995,0.2,254
565.49474157922,78.7108388213,74.6734183805,0.53687466669,18.2490245385,0.70080461906,0.26821000502,0.06,255
74.1055,54.37800815,107.9542004,3.83,13.11032,0.719637666669999,0.2927105,0.2,256
15.221,73.9872263641,104.8479203719,1.626,12.99826,4.31707492133,0.3692792382,0.01,257
8.191904762,54.96366777,40.28367145,0.7472,21.78995,0.035,0.3524065,0.05,258
6.326,102.6785714,25.68763832,0.709,14.85324,1.6270670923,0.413474,0.2879,259
826.45976799856,57.8936037255,73.8181453058,1.30412516669,15.17895929995,2.20026557143,0.30102862165,0.02,260
713.817,416.2895928,128.8845741,0.205,14.81017,25.97428571,0.635392,10,261
5256.76,200.286123,53.26474863,0.25,20.47357,4.66099405108,0.51985042822,2.5,263
774.023,213.3208474,52.97000218,0.194,31.08151,0.282,0.195337333,1,264
2008.959,479.1111111,134.1490792,0.242,11.91721,485.92,0.511493,30,265
360.777,476.8849053,199.569263,0.466333333,19.08737333,115.96,0.7774355,6,266
25.768,299.4840041,97.01955914,0.353666667,31.39924667,0.0545,0.408979667,0.35,267
93.3312,349.1054614,53.57265309,0.202,25.52351333,3.022,0.670412,0.5,268
308.2081578163,308.97905867,72.625230634,0.1726008334,27.0826946012,2.434,0.58448992334,0.5,269
1112.11125,102.0196251,33.7196481,0.2515,20.248475,4.63704921832,0.108759,0.7,270
922.82244429106,221.1728722218,88.3980291274999,0.34387783332,20.9987302839,3.03921467281,0.50791310746,0.25,271
251.8915,380.8033385,235.220323,0.552,9.89602,102.4,0.739056,3,272
10748.41526,101.8009071,87.12912342,0.685333333,23.31472,18.81714286,0.2876057241,0.8,273
78.16566667,366.7356798,63.25880502,0.132666667,10.03289,10.25655221749,0.451781333,0.3,274
51.986,224.3711362,117.9804819,0.614666667,27.70239667,0.283,0.726246,1.3,275
38.078,315.1515152,47.2713903,0.223,15.13139333,0.156,0.649919333,0.6,276
1150.290526,108.7595397,76.06773941,0.973,21.23258,6.82,0.146984,1,277
1150.290526,108.7595397,76.06773941,0.973,21.23258,6.82,0.146984,1,278
NA,85.17724417,83.60024453,0.908,20.24313,2.26686386594667,0.306009333,0.25,279
1170.79838370007,259.4349294844,66.291397494,0.30449083332,17.81244314967,0.178,0.58850445003,0.16,280
2820.583571,162.6938737,43.28300518,0.317666667,17.81091333,10.6,0.39597825,1,281
10214.57125,116.0781444,29.00268575,0.215666667,27.89209,0.19,0.159794,1,282
3767.668667,115.9901429,26.18772387,0.178,29.05106333,0.148,0.232581333,0.6,283
831.2923333,130.7383641,22.45499678,0.219333333,29.25762667,0.496,0.515523667,0.4,284
1499.052442654,210.8154080716,69.8507768411,0.28498433336,21.64867309867,0.072,0.38686095996,2,285
15738.77067,74.24185818,29.9049193,0.234333333,25.2002,0.223,0.202405,0.5,286
646.2225,236.1997452,85.36791379,0.4175,10.757415,12.63428571,0.636629,2,287
5582.253333,440.4761905,162.0213104,0.352,7.33664,25.166667,0.473267,30,288
47.288,320.754717,71.89984774,0.193,21.3972,0.037,0.551091,0.7,289
1186.07511948013,241.5216818034,87.0803897374,0.33606033328,21.449302059,2.88912017462,0.51487098413,0.6,290
5968.732,592.93,185.4665279,0.276,13.50444,573.38,0.51028021835,20,291
2936.7175,177.4958536,33.25708607,0.2495,20.51410333,1,0.356893333,1,292
840.6216667,340.2119642,124.3127606,0.241,16.55145333,1.016,0.388734667,0.8,293
4085.284,563.3187773,231.5628485,0.849,13.08552,270.41,0.710464,18,294
5893.4425,319.3585229,48.95271312,0.0845,23.72692667,1.65,0.397222,0.5,295
1392.212581,277.695796,95.53138784,0.245333333,24.85653667,1.614,0.279105667,0.4,296
3378.106667,268.0335178,70.7825488,0.164666667,20.32807333,1.844,0.377317667,0.4,297
NA,272.0545259,82.87631456,0.117666667,19.53265,3.51165834824,0.374836667,0.7,298
774.4557895,547.7044432,273.0949951,0.6195,11.10948,114.01,0.626685,25,299
6363.13,462.3786354,114.5138739,0.161666667,18.013075,47.98333333,0.473853333,10,300
2976.551333,454.4934173,177.8343259,0.282,12.44972,15.21142857,0.661583,8,301
47.323,190.542328,49.30653875,0.247,20.99565,1.048,0.569052333,0.6,302
61.43933333,190.5670897,42.31816751,0.519,11.55099667,1.39913977924,0.48093643678,0.2,303
29.628,323.7153518,103.7869583,0.568,12.2233425,2.952,0.5101255,0.3,304
10708.028,394.4927536,127.1009004,0.242,12.14836,74.315,0.750094,10,305
60.30064516,484.9586777,239.544148,0.769666667,12.80906,7.8,0.424902,4,306
1642.77348014703,307.3978577806,67.4061433564,0.12961283333,22.1037618493,0.8097,0.37210173612,0.4,307
736.45437067846,313.549689804,65.5626358077,0.13453599999,21.5451108161,4.97086985710001,0.37470613944,0.3,308
8.507,281.7228256,74.4484934,0.375333333,10.05571667,0.034,0.714480333,0.1,309
192.305,120.6372607,201.0694816,0.976666667,11.93104333,0.048,0.339642667,0.25,310
78.99473684,135.5119217,35.86736847,0.70228733338,14.58093333,0.036,0.560687333,0.12,311
1074.91831927622,210.2560469497,69.0630320782,0.42671950002,15.20782042993,0.066,0.49115510425,0.4,312
114.878,123.0364259,41.83278493,0.347666667,20.58997333,0.043,0.256137667,0.4,313
53.63344828,170.2314615,135.6926862,1.505333333,14.61065667,0.437,0.859171667,0.2,314
4.299,306.9264069,96.92176475,0.339,7.537986667,9.3347068237,0.5817575,0.6872,315
2666.74542285482,170.4704917674,65.5702511364,0.37050999995,21.02056512467,1.89345692676,0.42128601505,0.5,316
2565.99037656572,171.8281006358,72.5376104789,0.34685666663,20.98102012484,2.234,0.36650285002,0.6,317
2267.09227368469,237.9046232019,66.4225886334,0.38818249995,21.4148381166,1.69421319051,0.33143099404,0.2,318
4794.705,473.9629303,223.9970968,0.598,13.50632,191.92,0.547907,10,319
2238.996774,283.4543513,75.4802338,0.253,17.09854667,2.685,0.459977667,1.5,320
529.9056667,173.7071569,91.84024578,0.213,17.58183333,2.03580610364,0.401226333,0.1,321
444.2843333,247.6694464,82.77957134,0.315,13.26789,2.532,0.403279667,0.3,322
40449.76273,121.9965791,32.27047978,0.318666667,25.1951975,0.607,0.145436,1,323
230.117,115.2484379,130.3684647,0.66175,16.12251667,0.638,0.423631667,0.2,324
1212.567333,87.19859263,87.69272469,0.791666667,12.11414667,0.57,0.231625,0.5,325
39.64166667,241.128663,97.54046668,0.765,25.70317,0.174,0.681467667,0.7,326
739.2488053393,391.510006816,101.5136373647,0.26860433328,25.2847036091,47.63,0.974122,4,327
479.909,438.4182582,142.0409911,0.26075,14.4899175,17.195,0.718644,3,328
4446.861,397.7470815,100.4079057,0.1905,23.326685,30.628,0.607551,8,329
823.0856667,448.8165055,135.6683407,0.231333333,14.21969667,38.32248908153,0.811966,1.2,330
8868.524,393.9207242,100.7307793,0.2,21.14031,6.928571429,0.449862,2,331
628.1718182,244.2385228,136.6401636,0.553,19.43869667,1.749,0.264435333,0.45,332
213.331,204.0174228,63.02256431,0.289333333,14.40110667,9.024,0.509782,2,333
297.735,265.625,57.09775471,0.056,13.85153,26.778,0.408449,2.5,334
6294.541734,257.1362825,38.19181923,0.1553,26.70449333,33.5938480953,0.238154,8,335
6808.909334,269.7654186,45.45025518,0.172,22.76885,34.71611619053,0.219926667,5,336
121.412,87.77766196,20.13255142,0.2315,24.27085,0.944,0.108437667,0.4,337
3462.2295,220.3540726,42.74702183,0.39,22.34815,0.6,0.300916,3,338
5477.482667,125.2436979,34.2614807,0.335333333,25.584675,0.446,0.229543333,1,339
3824.09546765804,120.0483625645,70.0563891826,0.29676933328,25.941621775,1.22,0.19331550334,0.4,340
1148.983667,298.6679694,87.32355058,0.248,18.43741667,55.63,0.645703,1.5,341
2309.1255,413.2172946,70.37296154,0.1455,26.22989,24.24479071416,0.50085825157,10,342
49.368,142.2309727,173.3038946,2.085333333,12.52033667,7.21911805099,0.536756,2.5,343
2633.27376448224,232.8839225142,72.5378797409,0.3656375,21.74187753347,2.138,0.45606457912,1,344
54.729,250.5943051,86.48674986,0.312,20.32867667,0.256,0.647865,0.2,345
25377.67533,262.1938637,94.72892881,0.472,11.76797333,2.07,0.255856,0.8,346
9186.609091,245.3647743,96.60194796,0.609,22.33139,2.124,0.374666,2,347
19511.688,190.7634864,49.09877608,0.254,33.41199,18.59428571,0.357651,6,348
1073.729,267.5918099,53.39646534,0.119,21.63881333,11.40439525007,0.341801667,0.8,349
921.1180301605,265.69727867,71.8490259212,0.32563850004,18.25735783457,0.067,0.52953969411,1,350
81.295,167.4161886,143.510261,1.337,22.83480333,0.13,0.642099333,1.5,351
NA,203.8949061789,72.41903891002,0.2633581667,18.2713433212,3.33808472166,0.36913387414,0.606043643530233,352
3790.79338808399,224.37861717,73.5331849329,0.2748335,18.6157036974,5.97059157152,0.31170739413,3.4345,353
2100.96839937703,217.6496148006,73.7369495408,0.26953666666,19.2120286839,4.106,0.28809992247,0.5,354
243.4979167,111.3509947,59.89099838,0.549,35.13582333,0.073,0.145607333,0.4,355
636.21,280.8150183,67.58774618,0.245333333,19.92721,0.095,0.404028,1,356
9971.4255,134.1614503,34.69915109,0.281333333,28.40936667,0.078,0.288849333,1.5,357
3377.0335,293.6148696,75.55941233,0.381,17.24100667,89.244,0.274479,4.911,358
219.6193333,310.1285983,206.4177714,0.507666667,8.42916,9.5179798095,0.490805,0.4,359
550.529,116.7183721,41.77799898,0.279,22.285035,1.36303797434,0.167719,0.45,360
3861.23601042363,174.359965512,74.3684344068,0.27089016659,22.2092367804,4.61401109533,0.26065760828,0.822500000000001,361
7716.11,120.2985001,18.33104159,0.274333333,19.04116,0.982,0.190672,0.5,362
644.789,353.1395252,118.6434632,0.6942,11.92722,0.204,0.5238385,0.8,363
3391.414,229.3512039,73.28968586,0.715666667,22.28737,0.906,0.528031333,2,364
2758.53,315.5626015,55.46432339,0.476,15.64734333,1.62541165083,0.559437,0.7,365
1329.58947862102,324.983126906,86.29102650452,0.45428033339,15.7979034654,0.927,0.53024415498,0.8,366
2078.468667,323.5434326,66.79597126,0.404,19.2457,0.837777778,0.56396,1.5,367
646.94,384.1255694,123.4014489,0.728,12.06612667,0.744,0.334797333,0.8,368
1716.018,336.8326069,43.12309078,0.190666667,15.74272,3.93571604765,0.625876333,0.7,369
2103.601923,323.786646,86.46550377,0.405666667,15.23932333,3.32829668868,0.610405667,1,370
1469.47670082166,323.08353786,77.8059475192001,0.36860750014,18.9241973505,0.84,0.599625081620001,1.5,371
5829.732,232.2318087,56.14895047,0.274,22.30004667,0.614,0.322803333,1.2,372
1101.663,336.1396136,124.6600216,0.445333333,10.58378667,1.2355857143,0.569295333,0.5,373
1129.356,229.248771,73.49321206,0.522,12.125075,0.86,0.430412,1,374
986.004,333.9077153,61.86587478,0.413666667,20.65898667,0.882,0.6318885,1,375
2982.689333,468.4629516,183.2001053,0.249,15.05355,300.38,0.66545227666,9.8826,376
766.097,266.3433018,39.59463793,0.151,16.61622,0.469230769,0.400702667,0.8,377
696.5656667,156.2969299,51.68213382,0.203,27.53578333,0.313,0.390176,0.3,378
344.51,141.7910448,78.78726307,0.544,14.12932,0.818,0.49013123997,0.5,379
4979.902,346.9040998,114.5270195,0.25,15.90853667,63.8,0.422150667,3.9715,380
8504.7675,313.3863297,104.9999309,0.356,19.02388333,24.34844854345,0.437268,2.7231,381
5158.348,298.5323219,45.31004888,0.38,18.7784125,13.436,0.5446785,1.5,382
53969.191,87.61254716,77.98894002,0.441,25.32743,0.873,0.35381295577,1,383
7242.16,225.7200012,70.05276511,0.158333333,24.42942,1.802,0.416062333,3,384
10420.549,112.4003358,37.05418976,0.305333333,22.9232425,0.486,0.330598,1.5,385
3652.062353,182.0507884,43.58268049,0.09,13.01094333,5.85699126006,0.297292667,0.5,386
15281.54269,157.8461,41.58611554,0.1606,22.89282,0.376,0.287958,0.6,387
2585.662105,100.2378083,139.7449932,0.776,12.90514,0.368,0.3362955,0.8,388
14632.28533,188.1456807,58.63745686,0.159,15.22421667,3.5215385714,0.275657333,0.4,389
7157.83331937645,155.2205624256,63.2542887336,0.24542466662,19.6114566421,2.74350733331,0.38870738573,0.3,390
188.8375,252.2408964,17.35707509,0.09,34.30548667,12.89142857,0.856262,3,391
321.4733333,485.4232016,891.2092242,2.7785,17.12453,13.38,0.693091333,4,392
3639.845,177.4878609,61.6326611,0.522333333,21.00822333,1.426,0.199603333,1.25,393
821.74913440126,288.6430540828,69.4182524465,0.27533366671,18.0384911584,33.43142857,0.56710357079,0.8,394
944.32329712722,190.4468782575,64.4769777439,0.42754083335,19.5659105413,0.5725,0.3939801741,0.45,395
1057.71673120636,194.2215506482,68.808632941,0.36257000003,22.38005424953,0.171,0.42441122406,0.6,396
21.693,137.6757828,114.4762519,0.894,45.63522,0.287,0.564505333,0.5,397
2477.8406046047,260.2850246033,81.78844562098,0.2797433334,19.97755094167,0.1228,0.58089849504,3,398
2966.46273640713,355.892933493,102.5769314893,0.30149500003,18.04892512803,0.342,0.569105,6,399
4169.605,125.8549932,22.06444016,0.168,35.55579,22.9,0.22115,4,400
29.215,383.1936385,74.81316675,0.116333333,27.133155,3.762,0.745341,3,401
48.41913043,356.25,29.94684099,0.25,30.17034,7.772,0.8177635,1.5,402
221.3388889,265.8227848,94.87713662,0.228,24.94787,7.178,0.685378,3,403
NA,182.7607332453,79.0089899084,0.36507833335,19.3610403161,6.818918919,0.33561021353,1,404
445,341.8922431,81.34831461,0.215,27.32645,12.684,0.580934,6,405
84.26133333,109.0471192,319.6404836,4.16,12.16282667,10.72,0.690101333,0.6,406
451.622,316.2740473,131.0092659,0.201333333,16.46336,2.534,0.662032,2,407
27393.09667,199.8380104,45.79012547,0.154,29.22749333,6.94125277498,0.124815667,1.5,408
1673.981231,220.76018,49.52930882,0.21,22.27116,7.053333333,0.164179,1,409
17378.8876,179.2888724,62.78371542,0.1586,38.34645667,6.23873136294,0.102126667,1.5,410
967.4496752988,141.7621420293,68.3088103167,0.23764333337,22.2551881877,0.196,0.35183974841,0.35,411
1611.92274986513,129.2670718682,60.4968680308001,0.22048583338,22.4093385545,2.45815719047,0.35544563007,0.25,412
1989.8724278658,136.0134025311,59.6338112675,0.23309166671,22.5838678574,2.36700957141,0.3552606859,0.3,413
1503.26,104.1032514,54.21550497,0.165,27.80248,4.30153923809,0.307767,0.5,414
1016.038667,131.3999221,54.45986964,0.159,24.71816,0.181,0.33694007005,0.6,415
657.52046159544,213.4309764984,79.4963332502,0.31812666671,19.9647084417,1.76983204763,0.43036153743,2,416
55.618,348.6103189,120.4645978,0.1362,17.711802,0.218,0.6551165,0.6,417
168.8950226137,300.305381749,73.311729552,0.17497500004,26.7829982598,0.6,0.57487829084,0.4,418
7164.167,252.4850895,35.45422657,0.21,27.95527,17.0122644145,0.24783,1,419
2500.848667,175.0545881,25.5913126,0.106666667,34.47675,17.09295944223,0.116324333,1,420
5852.734,421.7955957,127.6326585,0.327,12.66054,52.36285714,0.65714,7,421
566.879,268.9430251,58.99730513,0.091666667,33.68536667,7.418,0.449274,1.5,422
1635.018,179.1044776,22.01810622,0.106,27.46719,28.22571429,0.252877,6,423
1392.150667,148.736393,125.9442225,0.661,9.82412,0.148,0.449335333,1,424
772.3341116463,222.297206537,69.6902958341,0.2148928334,19.0290093905,4.37233582189,0.298823333,0.2,425
157.118,254.9044166,114.5635764,0.326666667,14.7069,4.96708593477,0.278798333,0.15,426
170.8465,313.653296458,59.9253571696,0.093666667,28.34342333,0.4814,0.33626440656,0.15,427
739.4040703143,220.588242915,75.2730087841,0.26781033339,18.2365749742,3.428,0.28983781641,0.2,428
1208.397333,512.9125763,188.4038142,0.321666667,7.123943333,122.58212857466,0.758722,10,429
648.4373333,124.539641,48.57832574,0.324666667,28.88325333,1.108,0.3930915,0.6,430
138.528,214.7705121,46.52007777,0.099666667,15.78047333,0.017,0.331917333,0.4,431
2961.9925,199.5374424,65.15884156,0.254,32.80666,6.34,0.485581,4,432
117.7195,278.8883059,218.0324132,0.926333333,16.04930333,24.39120042824,0.838494,1.5,434
1224.737,354.4124115,35.51782954,0.30706116681,19.92079731363,15.3681065458,0.7272755,1,436
495.4015,289.7595795,98.65735166,0.33842100013,18.90698333,2.66920288891,0.5895525,0.5,437
16.88103448,276.327261,47.39046063,0.33501716676,13.19512,1.99234017173,0.457777333,0.3,438
NA,662.2394154,196.7474043,0.181666667,13.47070333,112.66492341484,0.753203,1,444
